{
  "gpt-4.1-mini": {
    "name": "gpt-4.1-mini",
    "timestamp": "2025-06-03T18:06:00.842Z",
    "baseline": "gpt-4o-mini",
    "cost": 0.0010553454545454545,
    "relativeCost": 2.5838842530066697,
    "duration": 3126.818181818182,
    "relativeDuration": 1.2664626967069716,
    "accuracy": 0.5377311704725627,
    "relativeAccuracy": 1.196960360412923,
    "score": 0.94802231924348
  }
}