{
  "gpt-4o-mini": {
    "name": "gpt-4o-mini",
    "timestamp": "2025-06-02T23:34:09.378Z",
    "baseline": "none",
    "cost": 0.00040051363636363634,
    "relativeCost": 0,
    "duration": 2470.6363636363635,
    "relativeDuration": 0,
    "accuracy": 0.34077081005963955,
    "relativeAccuracy": 0,
    "score": 0
  }
}